{
    "Linear_Regression": {
        "MAE": 14342.86269140739,
        "RMSE": 21450.325755103368,
        "R2": 0.11765662657307374
    },
    "Random_Forest": {
        "MAE": 14326.054861590379,
        "RMSE": 22668.471150747275,
        "R2": 0.014596034428480897
    },
    "XGBoost": {
        "MAE": 13989.682683422423,
        "RMSE": 23147.602282301796,
        "R2": -0.027500088667876676
    }
}